-0.03880153	0.01957542	-0.03909018	0.038791288	-0.011254929
0.6331359	-0.13402563	0.40395308	0.13195617	-0.075296484
0.42057458	0.0742205	0.33932835	-0.15052488	-0.22347149
0.43123406	0.57277924	0.5345796	-0.8290963	-0.57157344
0.3840249	0.6157714	0.7979396	-0.8346077	-0.6210613
0.50481945	1.0742085	0.87235975	-1.2886573	-0.8792093
-0.1061483	0.0066769933	0.21615274	-0.13296895	-0.27608594
-0.21952721	-0.5867433	-0.032801248	0.33081105	0.17676283
0.60004115	-0.35375798	0.6232376	0.4316552	-0.18961754
0.10549156	-0.2717455	0.0047351927	0.3044623	0.12976018
0.20612362	-0.46739158	0.19554004	0.5045184	0.08310124
-0.41202635	-0.95549494	-0.4904301	0.93348426	0.6349535
0.059455212	-0.3051465	0.2523898	0.19827168	-0.05411245
-0.24443835	-1.5947905	-0.41826743	1.5935892	0.8869752
0.16837573	-0.09411441	0.12626521	0.15445961	0.0010910486
1.671675	-0.042903792	1.062821	0.24270447	-0.51500255
0.30694538	-0.14378123	0.20550607	0.20610766	-0.063864835
-0.03737042	0.099986546	-0.123287246	-0.085414015	-0.042089287
0.13352636	-0.48760357	0.057647184	0.59460634	0.21502575
0.30582097	0.5777347	0.5447022	-0.7100489	-0.40644524
-0.3283045	-0.34981456	-0.21916209	0.31731364	0.18306871
0.3728735	-0.3672346	0.39427486	0.36160553	-0.20561488
0.48797107	-0.51673126	0.19677156	0.6632062	0.19602871
0.2149411	-0.06726184	0.18050937	0.18504667	-0.04334283
0.44582975	-0.1014288	0.49293676	0.14093539	-0.22806184
0.335062	-0.23802926	0.32247308	0.33663613	0.0025130284
-0.087147206	0.2155983	-0.055902775	-0.45176414	-0.1341344
-0.17506215	0.20833023	0.20789756	-0.3116511	-0.28689453
-0.36105582	-0.20774415	-0.25437418	0.014495857	0.1592451
-0.003125409	-0.04031271	0.31248567	0.06450475	-0.1498488
0.08029188	-0.20600688	-0.010626767	0.35495195	0.07876459
0.3302082	-0.15800919	0.26854885	0.13682562	-0.15029682
0.0654092	-0.34717515	0.09703876	0.29131714	0.011515355
0.1272101	-0.14270267	0.13609473	0.08328685	-0.009137889
0.23887528	0.1968844	0.25450563	-0.12658495	-0.26153702
0.16423634	-0.12774089	0.24479671	0.155451	-0.040599845
-0.0060483064	0.20075242	0.09678161	-0.33576083	-0.13019115
-0.1052123	-0.037464987	-0.08883986	0.090470605	0.08655441
-0.13049531	0.13020018	0.0106437635	-0.27176708	-0.0785802
0.10118644	-0.09841814	0.12798414	0.07736163	0.063007034
0.13838835	-0.27324554	0.2621238	0.16495693	-0.1585742
0.45247987	-0.3686016	0.2911703	0.5335712	0.08712657
0.22435467	-0.5611983	0.42124042	0.36438197	-0.22144453
-0.039755803	-0.31734684	0.18154421	0.25336373	-0.10905613
1.6299227	0.4141004	1.3988214	0.057757497	-0.9489837
0.047020387	0.021331716	0.2518145	-0.09569071	-0.26343402
-0.001325021	-0.03415884	0.013881906	0.04814384	0.063678704
0.5061007	-0.2347949	0.5740093	0.2731157	-0.31245467
0.522747	-0.15771112	0.46871597	0.16646297	-0.1574942
-0.13949683	0.1011497	-0.00981762	-0.18665028	-0.09638069
0.12511419	-0.42443135	-0.13522029	0.48513815	0.35271326
0.33869576	-0.9425701	0.24729812	1.0205323	0.14594333
0.2297343	-0.44056362	0.19677652	0.46047366	-0.00923814
-0.3397221	-0.014670309	0.10475603	-0.012609002	-0.10458408
0.57029295	0.4017945	0.62436503	-0.2954069	-0.5247799
-0.02331252	-0.2650086	-0.1017912	0.31012824	0.20301154
-0.10573143	-0.038940623	0.2998963	-0.17607628	-0.22649746
-0.2349993	-0.5464471	-0.042480174	0.57695574	0.25908262
0.39694166	-0.99457544	0.26309955	0.99064726	0.3143051
-0.16542487	0.030561056	0.0747916	-0.07385656	-0.028146738
0.0089153955	0.16715008	0.11863508	-0.09461956	-0.16788037
-0.18473087	-0.004451353	-0.20277861	-0.05126163	0.16805923
-0.040556125	0.14486666	0.039581373	-0.10078307	-0.104211815
0.25981358	-0.71268517	-0.010200683	0.69731253	0.37340233
-0.006750389	0.029799001	0.41101927	-0.03872833	-0.33805063
0.12198486	-0.028995961	0.19823593	0.10382984	-0.04795092
0.15721892	-0.10213506	0.20985954	0.13181183	-0.04712235
0.31261787	0.17935833	0.26286075	-0.079136685	-0.2371989
-0.25644735	-0.556082	-0.096115395	0.40653118	0.19381203
-0.24507277	-0.5847315	-0.01058521	0.37385353	0.008055329
0.2613482	0.3648567	0.17213778	-0.26225954	-0.2571133
-0.2852424	0.115706086	-0.0736028	-0.28924304	-0.11145812
-0.08814568	-0.34719378	-0.19229594	0.36109233	0.31530473
-0.22347438	-0.13903928	-0.09681057	0.1377002	0.11250182
0.149959	-0.22116336	0.11533466	0.22783363	0.056359332
-0.0026761692	-0.19773206	0.030663434	0.1720965	-0.010585711
-0.23344462	0.18464105	-0.23970869	-0.23244488	0.16596042
0.24189237	0.10970307	0.31585	-0.091187164	-0.24821986
0.15938339	-0.32271287	0.0048661656	0.252588	0.14395052
-0.16917057	-0.01707265	-0.045326635	-0.058678497	-0.02072882
0.25950134	0.1639378	0.15193824	-0.024128774	-0.12565869
0.16159241	-0.4482976	-0.04218849	0.5668544	0.2651047
0.7294997	-0.09719351	0.5167072	0.19513221	-0.17337257
0.59459955	-0.44359806	0.31041643	0.44748995	0.08615959
-0.20833072	-0.019840697	-0.1297079	-0.07824229	0.1483168
0.32292134	-0.053680763	0.13079932	0.05961473	-0.10315217
0.0930249	0.14447692	0.03100232	-0.14010102	-0.082495786
-1.2245244	0.17701334	-1.1686141	-0.4052301	0.66939545
0.50850075	-0.25701723	0.2813281	0.19082503	0.07533905
-0.0630481	-0.4672212	-0.17742325	0.49591318	0.4274287
0.20102786	-0.13743547	0.042681612	0.05429417	-0.044366997
-0.11829314	-0.050416093	0.02378637	-0.07724349	0.031338915
0.053321384	-0.3164451	0.030602083	0.38363093	0.019947564
0.13938671	0.10312931	0.19003296	-0.21646746	-0.22316435
0.13740717	-0.20674382	0.0530542	0.29456428	0.06888151
-0.1031477	0.11175075	0.061243773	-0.09078806	-0.018031867
0.07573449	0.0024715287	0.11387984	0.08810872	0.006949974
0.43279284	-0.38103208	0.08687322	0.37415728	0.049400847
0.18276103	-0.0009324435	0.030459719	0.045791786	-0.034485895
0.55722886	0.1811239	0.4784542	0.08521249	-0.25814304
0.660978	0.07799969	0.53420454	-0.0030578016	-0.35947746
0.16406108	0.031515736	0.055028677	0.03461536	-0.088001706
0.2936368	0.30794653	0.23811933	-0.31733078	-0.2780073
-0.5182558	0.15501463	-0.42715794	-0.44240558	0.22625268
0.4964938	-0.26064235	0.5292679	0.31511587	-0.27427086
0.42343014	-0.19954471	0.4109366	0.27490032	-0.1869835
0.09547877	-0.23385428	0.054331586	0.31395167	0.055480924
-0.39851847	-0.059058018	-0.25953802	-0.045723278	0.1784663
0.21660839	-0.28434604	0.14821842	0.24536315	0.030790694
0.046098746	0.5249876	0.09078712	-0.43412986	-0.27291778
0.19193581	0.31320512	0.27658364	-0.3430647	-0.25948542
0.15071706	-0.10141946	0.20633306	0.053237855	-0.018385412
0.40492713	-0.08868505	0.38333002	0.15934788	-0.22453725
-0.05247286	-0.31823692	-0.08980461	0.42497906	0.17163208
0.29516938	-0.3321994	0.18215792	0.3277953	0.019245835
-0.38308874	0.20640357	-0.2654232	-0.26798946	0.05945611
0.11453974	0.354018	0.2859613	-0.37930042	-0.23547159
0.37747884	0.5173035	0.4046923	-0.47125268	-0.45316145
0.39209634	-0.25078055	0.17610024	0.25463292	0.08910986
0.506539	-0.2157087	0.50396967	0.32455942	-0.18754531
0.060048603	-0.33884493	0.19463044	0.36535665	-0.0074836346
-0.37595642	-0.40550485	-0.3907914	0.34333718	0.42002848
-0.1585299	0.09012176	-0.005210824	-0.21560064	-0.070076264
-0.25187838	-0.046318077	-0.22086786	-0.0048012347	0.20438345
-0.014592519	-0.12944768	0.11222528	-0.015964074	-0.04930421
0.16981938	-0.4973167	0.32101008	0.43518937	-0.061202276
0.3777696	0.12037552	0.28426054	-0.08658074	-0.23885337
-0.38482946	0.39995027	-0.22314985	-0.44346377	-0.039175972
-0.06089391	-0.34448063	0.0965672	0.27512732	0.033592172
0.23380545	-0.40593255	0.27515098	0.45370203	-0.055848897
0.4010451	0.11546479	0.22461778	-0.046253044	-0.19082446
0.4434602	-0.25491637	0.1969207	0.24661487	0.005982923
0.36501825	0.04196499	0.11445883	0.05310711	-0.028417116
0.94616354	-0.06872997	0.6787239	0.3215152	-0.2862479
0.049293198	-0.37280962	0.039189406	0.37556064	0.08588268
-0.109220475	-0.3302211	-0.06406356	0.36008903	0.122634254
0.0027531956	-0.4015988	0.034781326	0.38430068	0.10636776
0.47777796	-0.12559529	0.46173626	0.25155526	-0.30894056
0.1382813	-0.17783526	0.26474205	0.09232349	-0.13515256
0.342013	-0.77763927	0.27906752	0.774261	0.07623062
-0.17331073	-0.09029428	-0.13716145	-0.066183776	0.21116234
0.15570752	0.20047599	0.20135154	-0.27209502	-0.17444065
0.0538335	-0.08339752	0.03909276	0.08099941	0.053705174
-0.018350545	-0.37496784	-0.094748385	0.43854722	0.27885598
-0.06840015	-0.23329505	-0.0661222	0.25595045	0.12199219
-0.5040416	-0.18398865	-0.47661108	0.12170353	0.3786445
-0.25360844	0.06312326	-0.22061689	-0.10758924	-0.0011761462
-0.02811	-0.44346634	-0.08051445	0.42615452	0.15134993
-0.23317906	-0.025210496	0.2512174	-0.042708956	-0.15583904
-0.051844876	0.18837821	0.042007376	-0.22222553	-0.1343228
0.5305306	-0.1926901	0.40777633	0.31332907	-0.024866331
-0.10298261	0.07350138	-0.20277865	-0.012253501	0.07062896
0.20516153	-0.12205138	0.13488081	0.124066114	-0.0023175974
0.48551017	-0.24730274	0.46137035	0.32909966	-0.1351162
0.90591097	0.17073497	0.78239423	0.108137004	-0.4303877
0.37164342	-1.0678289	0.09857131	1.1452305	0.3533718
0.0017973252	-0.24447516	-0.019743582	0.21867691	0.096105754
0.7732224	-0.1810515	0.7285157	0.32026392	-0.4577705
-0.4782213	0.092600055	-0.43378615	-0.26540205	0.15933132
-0.16863614	-0.76740074	-0.09510948	0.6345658	0.17160076
0.1213235	-0.2547949	0.20530917	0.138304	-0.073725894
0.39310515	-0.038729366	0.37752843	0.09036199	-0.21750617
0.21035047	-0.2139323	0.40541634	0.03162293	-0.29195416
0.26954475	-0.49300727	0.15036838	0.44137684	0.2567795
0.67166406	-0.57795906	0.50994945	0.588403	0.09471912
0.14068362	-0.53397137	-0.00350831	0.60084176	0.19356932
0.33062696	-0.51404995	0.30602485	0.5674052	-0.049570978
0.18378903	0.22178777	0.22602782	-0.22843288	-0.24406655
-0.2545709	0.7155828	0.5051045	-0.67673564	-0.6003827
0.49729553	0.22999243	0.5365491	-0.11147222	-0.39539033
-0.27909324	-0.37827128	-0.3923188	0.28069377	0.42125323
0.25051066	-0.13583097	0.07790094	0.21222953	0.007997221
-0.08929411	-0.22758718	0.048393592	0.15657488	0.03608591
0.46330503	0.36671147	0.3992032	-0.260533	-0.36139286
-0.07430308	-0.38289404	-0.08904911	0.34062368	0.20065114
-0.262065	-0.014309955	-0.16170582	-0.08284036	0.015555811
0.6166261	-0.28689557	0.4389564	0.33431944	-0.064849004
0.55007076	-0.117443256	0.5429029	0.17783621	-0.29565203
0.4837875	0.09572277	0.3488024	-0.011444033	-0.25067303
0.049731385	-0.012497555	0.03627081	-0.0010886304	-0.04037912
0.61642116	-0.086708896	0.43695906	0.1763638	-0.23662446
0.27932093	-0.0012061277	0.23463354	0.09006724	-0.12022153
0.048134826	-0.10712322	0.025845978	0.097032964	0.0034220028
-0.2771279	-0.08931496	-0.17404489	-0.0020257996	0.071783595
0.16878235	-0.56987834	0.23419325	0.5838954	-0.038898397
-0.89911175	0.44936344	-0.92329085	-0.49663085	0.33791023
-0.23340365	-0.31986207	-0.2045482	0.29857513	0.260447
-0.87094635	-0.05667323	-0.9183222	-0.020056069	0.8487907
-0.41887882	-0.07098729	-0.45329714	-0.03326634	0.35152817
0.3791553	-0.17587908	0.1265768	0.3183783	0.072879165
-0.10428751	0.08540508	-0.046797864	-0.12782758	-0.060261376
0.015591648	-0.5208875	-0.19245969	0.56860673	0.4336939
0.29279262	0.12946862	0.4264932	-0.1782423	-0.5027817
0.21006453	0.031085508	0.07684568	0.021116149	-0.11414936
-0.50298893	0.27192014	-0.38174975	-0.33702722	0.20504104
-0.2688241	-0.45263287	-0.21950579	0.41428414	0.28339756
-0.13023229	-0.53984976	0.00047844427	0.50781614	0.15805961
0.28590655	0.0670415	0.24320722	0.11491991	-0.20821637
0.5260379	0.40199193	0.5688623	-0.22260213	-0.45503426
0.0401342	0.014936875	-0.034080204	-0.027265506	0.054920476
0.5192592	0.013088378	0.5301943	0.15597647	-0.37445253
-0.047062654	-0.12072543	-0.14445089	0.13557254	0.08578294
0.3332282	-0.002287395	0.34679168	0.0011149228	-0.2674842
0.41092613	0.24664043	0.40626195	-0.20182605	-0.35069865
-0.07915524	0.15430479	0.09539416	-0.33658922	-0.19178644
0.22566713	-0.426201	0.366209	0.344901	-0.20368227
-0.2805458	0.21520203	0.11229584	-0.30013052	-0.2552606
-0.103428476	-0.4858477	-0.28774703	0.5613135	0.43681788
0.4245478	-0.51234573	0.22854011	0.49287084	0.26370117
-0.5356183	0.033456326	-0.37147638	-0.10036466	0.34508705
-0.0911649	-0.3829401	-0.18677634	0.40630317	0.37473965
-0.42232636	0.25883648	-0.35812125	-0.25333706	0.13636601
-0.2543723	-0.14907132	-0.26699954	0.025121506	0.1807981
0.34142864	0.33681887	0.46175477	-0.3117389	-0.34754255
0.1334699	0.23383865	0.1563045	-0.28438538	-0.110039614
0.09639607	0.21991655	0.22104406	-0.26077762	-0.111496486
0.4250117	-0.04148476	0.38276482	0.25688332	-0.22319344
0.44729245	-0.17150317	0.3745228	0.16596246	-0.13544595
0.33903068	-0.53580415	0.29271427	0.55456734	0.12955666
0.06464021	0.14471382	0.17763312	-0.2781848	-0.06569423
0.23293452	-0.48516342	0.14305796	0.4670632	0.35929537
0.16677608	-0.26106048	0.17374681	0.2104315	0.17558958
0.31173724	0.0781786	0.16839828	-0.08488017	-0.16685607
0.9860196	0.37238365	0.74110883	-0.2707704	-0.5695202
0.14387043	0.014116149	0.015218488	-0.06615622	-0.0906964
-0.06319003	-0.103513695	-0.052015714	0.08576868	0.120896816
0.31348163	-0.033166096	0.2807203	0.21228294	-0.16545823
-0.18301812	-0.082543045	-0.20359519	0.06570775	0.19705756
0.12954576	0.107363544	0.09419674	-0.09329196	-0.18162961
-0.70485413	0.41947895	-0.6517377	-0.42927435	-0.020144854
-0.4023248	0.09188219	-0.27802113	-0.21649061	0.078515604
-0.12594527	-0.39772427	-0.022156632	0.32738152	0.027016347
-0.082062356	0.051982593	-0.061333425	-0.048326533	0.10101687
0.20663719	-0.14645062	0.13131389	0.10450758	-0.11130976
-0.14540093	-0.036031656	-0.056139242	-0.030945167	-0.01257046
0.043615494	-0.0036823265	0.0005821809	0.004331194	-0.011827193
0.08239857	-0.098157346	0.12505193	0.06254685	0.12889586
0.026984802	0.09958565	0.15096842	-0.13479288	-0.16540833
0.26918226	-0.21896926	0.067491174	0.1509498	0.12583211
-0.16500014	-0.04165082	-0.18786982	0.025569761	0.17878567
-0.06766064	-0.045045454	-0.20999952	0.10038434	0.18643717
0.08022098	0.38806382	0.20679556	-0.36960447	-0.24492817
-0.41225055	0.019565672	-0.36004704	-0.13629963	0.21842238
-0.03703233	0.028559294	-0.005973112	0.023888197	-0.0044267885
-0.08663179	-0.16812916	-0.020456335	0.12509389	0.046013437
-0.01849103	-0.33646414	-0.03384708	0.32647163	0.15737611
-0.21068473	0.19554245	0.051775265	-0.16794464	-0.21989758
-0.5498747	0.26502943	-0.40324205	-0.32806575	0.23164959
-0.74908113	0.045029618	-0.7492264	-0.1500553	0.4934297
-0.29482028	-0.11703203	-0.28240123	0.08911187	0.16928639
0.03386772	0.25831303	0.18089445	-0.32641035	-0.22510189
0.32259703	-0.017167334	0.23007986	0.14916761	-0.08838287
-0.29540947	-0.2607065	-0.2682294	0.26248017	0.23933141
0.6552573	0.12189056	0.54027015	-0.08168116	-0.33135217
-0.3102378	-0.10474117	-0.41241083	0.12951733	0.32874346
-0.45062396	-0.17774956	-0.36874828	0.12604465	0.21064866
-0.41353458	-0.33904928	-0.43014225	0.3310779	0.34992936
0.48231643	-0.089663245	0.31766245	0.20208623	-0.11049593
-0.1027645	-0.46193427	0.027109718	0.41940746	0.17281687
-0.31977502	0.15194422	-0.29508606	-0.19533803	0.19230524
0.20971571	0.08239828	0.29923692	-0.11806439	-0.18625079
0.47808328	-0.0636658	0.4025583	0.12560529	-0.23179999
-0.03648112	-0.033305097	0.012356974	-0.028805746	-0.03711003
0.032988813	0.037436783	0.03835585	-0.037493087	-0.052170098
0.054443244	-0.35282496	0.023104658	0.41335574	0.24666384
-0.49882835	0.3249808	-0.3332868	-0.38266286	0.10878376
-0.32363153	-0.19888628	-0.26611894	0.17819545	0.16927245
-0.0138469115	-0.015669595	-0.02026434	-0.012798417	0.018124532
0.2644068	-0.04354419	0.3248705	-0.0746084	-0.32390934
-0.22440438	0.47837818	0.43134838	-0.46887285	-0.4606932
-0.31136662	-0.6336406	-0.41495058	0.5451331	0.4964705
0.2408077	0.12760514	0.3172637	-0.08682648	-0.2004295
0.47545114	-0.38874695	0.42132357	0.44683886	-0.062067572
-0.14133984	0.20062584	-0.12694927	-0.19409224	-0.21824992
-0.387289	0.29211652	-0.52108306	-0.26020527	0.29683506
0.04613719	-0.3324017	0.13123597	0.38458136	-0.016945569
-0.393154	-0.04181514	-0.4105259	0.057668164	0.36024007
0.14564416	-0.14920157	0.180547	0.08152982	-0.08378057
-0.03177371	0.2329752	-0.052630126	-0.32509503	-0.018053055
0.054647595	0.26261804	0.1401199	-0.29952896	-0.15806603
0.40407133	-0.64457744	0.39697325	0.6053613	0.062436916
-0.7514028	-0.16377419	-0.7347162	0.02316103	0.55757743
-0.64185464	-0.015338846	-0.66669744	-0.08101412	0.6344509
-0.17755811	-0.56441414	-0.10995548	0.6235677	0.36127418
0.2997947	0.3484485	0.34111723	-0.2948367	-0.26391694
0.40739918	0.08627688	0.4017678	0.04542553	-0.20231724
-0.1571656	-0.40649274	-0.107261084	0.4266716	0.15469526
-0.112520225	0.16244084	0.053347617	-0.1695479	-0.16490749
0.039987955	-0.04104334	-0.017911136	-0.0048645847	-0.008094549
0.049022324	0.31515184	0.32440162	-0.32029542	-0.34450948
-0.05128918	0.19204327	0.14549908	-0.14623617	-0.19050333
0.15231304	-0.17516246	0.07726783	0.17103717	0.06469309
0.10680591	-0.22520359	0.106497526	0.26811025	-0.10835571
-0.21220072	0.042000603	-0.17812966	-0.18150234	0.045556765
-0.7513185	0.19230796	-0.71964455	-0.22897895	0.25441304
-0.3236519	0.14649574	-0.25231043	-0.10876889	0.1921633
0.23951997	-0.21510097	0.28252548	0.15622446	-0.011525472
0.24216273	-0.42039007	0.12609147	0.46089885	0.109432004
0.3323639	-0.14582871	0.13279743	0.23667537	-0.007822584
0.34823436	-0.2946135	0.07952804	0.28296912	0.11030486
-0.47647464	0.0047127334	-0.4173273	-0.048031315	0.16293353
0.4033419	-0.27907392	0.28791	0.23573448	0.037603535
-0.2481351	0.14719021	-0.009557242	-0.18179396	-0.15102257
-0.16688196	-0.52456725	-0.013783292	0.4778478	0.12718266
0.50068927	-0.18607755	0.39027372	0.21259883	-0.14238068
-0.04661007	-0.19395436	0.047739528	0.12217239	0.051156588
-0.1489291	-0.004611499	-0.106845655	-0.08115228	0.003850846
0.8484496	0.21687572	0.7723146	-0.054985657	-0.52693796
0.61131525	0.1398625	0.4628013	0.05304706	-0.2411885
-0.13884367	-0.07922268	-0.22759719	0.082363434	0.12010329
-0.07620334	-0.37986723	0.037508037	0.24249268	-0.018546652
0.14858148	0.32591593	0.26005444	-0.27575666	-0.34454238
0.43681917	-0.1897559	0.40790293	0.24191594	-0.16273199
-0.42189828	0.24593344	-0.39830709	-0.39194122	0.17808183
0.22381961	-0.2386447	0.23401758	0.19599035	-0.1900429
0.20045254	0.5551697	0.36152363	-0.5308906	-0.50993764
0.2054535	0.31924474	0.3307757	-0.18791777	-0.32983607
-0.0003550278	0.31356215	0.1804359	-0.30812654	-0.18794458
-0.049353674	0.33456737	0.20593472	-0.24143559	-0.19487229
0.044565547	0.0060913935	-0.007828403	-0.032719433	0.021074954
0.40177137	0.025137356	0.15395464	0.081259616	-0.010113178
0.2672899	0.019490695	0.12079378	0.03847908	-0.059950132
-0.40634546	0.30484918	-0.3058386	-0.366449	0.048583824
-0.053050164	0.3055929	0.11325065	-0.24222535	-0.2423518
-0.006303822	0.2557352	0.08653445	-0.29100654	-0.0847643
-0.008950938	0.008896183	0.04173844	-0.040663112	0.013456631
-0.5645922	0.11593418	-0.56026524	-0.220423	0.32894605
0.04641534	-0.1662719	0.19363646	0.08662451	-0.0737933
-0.055871956	0.2826241	0.16450323	-0.232015	-0.2009188
0.09088018	-0.13573633	-0.029453717	0.13417736	0.028132576
0.029700145	-0.29737747	-0.09672667	0.2981532	0.120199606
-0.19271986	-0.40761796	-0.12039149	0.4014109	0.2318596
0.37947387	-0.28544366	0.3162992	0.3339387	-0.22853574
-0.060125094	-0.04236496	0.14917026	-0.06771354	-0.07520178
-0.113630906	-0.13550954	-0.000349951	-0.01095731	0.008890249
-0.2038449	0.015111532	-0.11345658	-0.14132302	0.093961366
0.28290167	0.20985575	0.24487077	-0.13623486	-0.25956902
-0.32012245	-0.19533038	-0.22395928	0.28895822	0.2580557
0.028376358	0.05979	0.11723469	-0.13286805	-0.04496336
-0.02690719	0.40685165	0.039018616	-0.34584197	-0.3880834
0.25599688	-0.28846782	0.22298774	0.36090952	0.07141502
-0.5607104	0.12707445	-0.4643645	-0.21807082	0.27672642
0.06426666	-0.29024747	-0.102016635	0.2903472	0.28013122
-0.37910998	0.22005545	-0.33486918	-0.29409954	0.029849723
-0.16850737	-0.30811536	-0.08498557	0.25286558	0.105870895
-0.23725581	0.074580535	-0.19306184	-0.10841102	0.14369504
-0.2161189	0.17139278	-0.031140761	-0.1806996	-0.074116886
0.104350954	-0.39902067	0.026146548	0.4584401	0.20479973
0.40932798	0.19438429	0.3357629	-0.06143274	-0.24638842
-0.1309906	-0.118754365	-0.05280238	0.021384848	0.06010793
-0.055333734	0.22610688	0.16629823	-0.23086543	-0.19124827
0.29021516	0.06193072	0.26724863	-0.020021308	-0.2296634
0.001655879	-0.40552136	0.0023569048	0.45822668	0.13280806
0.5379571	-0.375825	0.37739	0.4265346	-0.14505753
-0.16887727	0.030303733	-0.14710994	-0.10291093	0.095024414
-0.06149523	-0.17417547	-0.16360691	0.10227242	0.11526964
-0.45910877	-0.17287892	-0.53653425	0.075532496	0.4890257
0.0028781346	0.29123747	0.21613672	-0.29553366	-0.16099413
-0.0052904263	-0.028520012	0.0029384717	-0.0009927526	0.0021348707
0.2866944	-0.1237148	0.24903974	0.14824747	-0.024082169
0.26408097	0.12894613	0.27299276	0.047389925	-0.14121604
0.06324347	0.3389414	0.20374267	-0.33403644	-0.23483405
-0.25335455	-0.3404693	-0.35503247	0.30227667	0.41717643
0.59105074	0.07399329	0.46329382	0.0449285	-0.34365445
-0.386663	0.20735313	-0.33198208	-0.22809781	-0.022784837
0.18510741	-0.27536014	0.26275316	0.18589365	-0.17546742
0.13683361	-0.31422842	0.13045532	0.30296433	0.2273737
0.30259204	-0.31663412	0.22421685	0.2853075	0.12762591
0.33078995	0.062225215	0.19934796	0.051803656	-0.12184295
0.30741864	-0.20189774	0.3648801	0.31683105	-0.16656366
0.13905415	-0.32908294	-0.09870215	0.42681488	0.20011988
-0.59508336	-0.1763686	-0.6083167	0.039195158	0.53200567
-0.40340286	-0.40354308	-0.45368594	0.36975282	0.38943687
-0.5273396	0.24651998	-0.40067035	-0.28880444	0.021791376
-0.2768326	0.11285996	-0.36958578	-0.05892326	0.30295277
0.38826004	-0.4603441	0.20285128	0.5762699	0.39740452
-0.5933804	-0.21619488	-0.5939065	0.02732978	0.49030557
-0.2546057	0.14486486	-0.14118168	-0.22452153	0.038030837
-0.24307306	-0.050105046	-0.16028894	-0.03816526	0.12974595
-0.008462608	-0.049427904	-0.044687428	-0.03522309	-0.0003419742
0.22066966	0.10891605	0.29263002	0.034572516	-0.23022571
-0.15754244	0.06452162	-0.13926062	-0.1355372	0.06795948
0.2180923	0.22745162	0.24012063	-0.19356547	-0.15252173
0.24263902	0.053278934	0.12196936	-0.0048357816	-0.059321843
0.30799577	0.0372853	0.33805534	-0.039283298	-0.1230025
0.10727689	0.0619598	-0.004813407	-0.036074325	-0.09058074
0.07720684	0.17226414	0.1300413	-0.21010211	-0.14057942
-0.22079548	-0.19949217	-0.2196375	0.19132422	0.26729015
0.5795369	0.08193209	0.5550314	0.037665542	-0.41021943
0.33839452	-0.124710664	0.228034	0.15579213	-0.11633234
0.3298418	-0.2873867	0.23455288	0.2652636	0.11855237
-0.428406	0.25970003	-0.49064803	-0.21212804	0.2358966
-0.017011773	-0.00282868	0.041604724	0.02265108	0.0437606
-0.023265943	-0.2867862	-0.043246396	0.3800192	0.17426033
0.31416053	0.11034565	0.32611918	0.08263143	-0.248083
-0.24141091	0.04070197	-0.12295264	-0.14698845	0.09562381
0.2545125	-0.37947884	0.2566959	0.43476883	0.043006312
0.102224156	0.3041446	0.3229421	-0.2940298	-0.34344202
-0.1889683	-0.2597589	-0.14420241	0.22010814	0.18211249
0.11788795	-0.10337179	0.13616125	0.0524808	-0.116698295
-0.4160282	-0.37502846	-0.4820786	0.25742048	0.36616358
-0.531336	-0.3135012	-0.60453796	0.44152805	0.67973113
-0.251861	-0.053560656	-0.14216116	0.007057794	0.16863622
-0.19679913	-0.106229916	-0.19956334	0.045173634	0.021606568
0.2781677	0.013136823	0.34063113	0.07798725	-0.2716871
-0.019091606	0.033220258	-0.035535336	-0.015904449	0.008295558
0.018166244	-0.657586	-0.10669189	0.6838969	0.34713453
-0.07840733	-0.33700722	0.14554116	0.08826874	-0.03917319
0.24998024	0.048911206	0.2482266	0.03289067	-0.21361601
0.07356266	-0.36196834	-0.07029621	0.3176121	0.42180786
-0.16567658	0.07525617	-0.06883439	-0.1581485	0.052778978
-0.27795434	-0.02980208	-0.19356892	0.024485508	-0.009850797
-0.2748575	0.03539741	-0.27242216	-0.096880786	0.15634224
0.023967745	0.26801667	0.15771857	-0.21604243	-0.25079185
0.03173201	-0.00240333	0.01923019	0.02278899	-0.007192623
-0.4955248	0.09820299	-0.50450665	-0.21238373	0.30690375
0.44278413	0.111815505	0.32265845	0.08518662	-0.19589892
-0.45089635	0.11877814	-0.49264604	-0.22316967	0.3008964
-0.23069286	0.042925768	-0.12378303	-0.15523423	0.100139864
0.38896498	-0.12818198	0.3854045	0.25410062	-0.2890311
0.38324112	0.11867258	0.328945	-0.019542892	-0.3042326
-0.42751613	0.25961992	-0.41749197	-0.30125573	0.16709182
0.27787474	-0.3740491	0.2826458	0.3160138	0.096910045
0.32414997	0.10889941	0.2713108	0.047328644	-0.14362364
0.48259848	0.11873879	0.3700011	0.074615225	-0.2370168
0.32384846	0.2660406	0.43162397	-0.28583404	-0.35406896
-0.29707977	-0.5524312	-0.33321032	0.48099005	0.5116492
-0.0032934323	-0.015434049	-0.03026849	0.04811963	-0.023216475
-0.06799838	0.22142449	0.20968352	-0.29564124	-0.19730052
0.4863218	0.06201149	0.33387464	0.08049854	-0.19288108
-0.055847283	-0.1085215	-0.0013785493	0.13052386	-0.0033880223
-0.1780538	0.4301517	0.23001088	-0.40077347	-0.2768953
-0.36343324	0.30044687	-0.2820597	-0.37396136	-0.003590215
0.03792185	0.105760895	0.01799281	-0.0656924	-0.061168097
0.46911037	0.09095214	0.35632977	0.090845965	-0.27144837
-0.23250061	0.05672851	-0.16320501	-0.1594931	0.11231356
0.2191304	-0.0055483417	0.2631202	0.13167337	-0.14384034
0.02293453	-0.005861629	0.03963122	0.03560872	-0.04489726
-0.2949843	0.25862464	-0.2042591	-0.37548402	-0.0018272786
0.00017170988	0.389976	0.14312567	-0.38693458	-0.36095607
0.18282169	-0.31960905	-0.041539013	0.42375755	0.20772427
0.02196804	-0.04809115	0.03613699	-0.019473637	-0.03129915
0.33649	-0.4380986	0.2703806	0.43879375	0.05311733
-0.14409581	0.11445937	-0.01636054	-0.10859282	-0.20394923
-0.3296744	0.34218267	-0.23392938	-0.39672643	0.03510359
0.107337624	0.02984853	0.09983143	0.018549548	0.121092305
-0.25063455	-0.23255312	-0.24595818	0.12979	0.16384314
0.47093895	0.071661785	0.3213135	0.076405935	-0.20235604
-0.30459943	0.063466325	-0.25861117	-0.18240261	0.18946365
0.37794077	-0.2189335	0.25403538	0.2742163	0.07436933
0.4571196	0.098817594	0.36488074	0.084578656	-0.27830338
-0.040755402	0.047299672	-0.047683965	-0.0146118775	0.02464671
0.32336792	0.0713813	0.3220314	0.10793915	-0.28796715
0.29283604	-0.14459217	0.27534834	0.22187145	-0.06624725
-0.09157462	-0.45907894	0.054637577	0.30806997	0.069791265
-0.27952024	0.035633866	-0.24899343	-0.07724847	0.09702248
0.30400303	0.059464097	0.3131804	0.06219928	-0.13244599
-0.44331083	0.09901047	-0.4688412	-0.23817283	0.23263353
-0.18417358	0.009973461	-0.19451486	-0.15605862	0.0940801
-0.037076462	-0.012106251	-0.018261053	-0.03670268	-0.03115728
-0.094685175	-0.38445136	0.09750579	0.2083298	-0.04768993
0.28433874	0.04075103	0.2984337	0.036337093	-0.23474534
0.2523107	0.061856776	0.16612056	-0.0054208185	-0.06059891
-0.22642247	0.12357946	-0.19069406	-0.15404658	0.12767568
0.06824792	0.24737374	0.07788238	-0.22074409	-0.14350109
0.024207	0.12714176	0.0843661	-0.21630305	-0.05604622
-0.26478717	-0.35351703	-0.39321518	0.3038138	0.41008747
-0.32347134	-0.12681623	-0.36953926	-0.06389589	0.34927613
-0.027165128	0.01651274	0.037951436	-0.015629493	0.02994622
0.48365957	-0.057309587	0.41488427	0.21044157	-0.17081961
0.47372946	0.028073806	0.37671766	0.04407146	-0.3124012
0.37662187	-0.2868982	0.21031071	0.32123253	0.12759362
0.44927168	-0.3468164	0.3337242	0.4449051	0.07642465
-0.2157318	0.052039802	-0.17338343	-0.118243985	0.052075706
0.47514898	-0.0013593022	0.5034233	0.15665403	-0.393084
-0.240741	0.6728527	0.4448546	-0.58664376	-0.52452356
0.01841029	-0.19252694	0.064490855	0.06439099	-0.03349302
-0.37253776	0.13622986	-0.4582975	-0.18282373	0.19020264
-0.4107905	0.02909919	-0.32556713	-0.09393471	0.1110465
-0.25574076	-0.35614142	-0.12220064	0.29385132	0.2062387
0.06878377	0.07782386	0.09614812	-0.14567816	-0.03369603
-0.22545603	-0.31620255	-0.132951	0.290755	0.15118484
-0.2572067	0.15539797	-0.18046568	-0.2161823	-0.0027590366
0.13362896	-0.17897718	0.10441732	0.1481376	-0.07125224
-0.0006094721	0.30507934	0.17263065	-0.24623594	-0.24075647
-0.29495832	-0.13640025	-0.19954039	0.21041775	0.1950956
0.522149	0.16762483	0.49526155	0.030756421	-0.2443263
-0.03992348	0.21835771	0.21696825	-0.24356742	-0.16897576
-0.02276522	0.0089072585	0.03466362	-0.039584626	-0.00059292465
0.25672245	-0.13937609	0.18825774	0.11662932	-0.18231815
0.2870728	-0.027622765	0.25698486	0.07319505	-0.23310854
-0.41452092	0.0062543415	-0.34910563	-0.084889926	0.19180998
-0.39721876	-0.22425073	-0.47874495	0.03010465	0.45310527
0.53732896	0.00122571	0.44422424	0.08707231	-0.22746873
-0.049656358	0.02186476	0.039149467	0.02317084	0.017635737
0.35361958	-0.2227456	0.45601198	0.31172106	-0.30794495
-0.058368076	0.30808628	0.23484603	-0.36124906	-0.2866722
0.0081674345	0.047588494	0.048456576	-0.041223217	0.034547877
-0.047873925	0.031132016	-0.012368191	0.024515066	-0.025317777
-0.44052425	-0.25340617	-0.48605484	0.11762669	0.42934552
0.04947454	0.007393934	0.04216564	-0.004440129	-0.0074462295
-0.020960247	-0.12629575	0.1554196	0.016782755	-0.13988651
0.4448307	0.1964262	0.303028	-0.06543572	-0.32683238
0.09073467	0.23931517	0.16854513	-0.30917057	-0.2457971
0.23666021	-0.072312236	0.23828508	0.17751242	-0.18059571
0.12374872	0.020581406	0.024820836	-0.028023899	-0.059530552
0.22017261	-0.17868106	0.0034011912	0.24815488	0.14280346
0.021358993	0.049795557	0.01115495	-0.029912984	-0.0076025724
-0.37743825	0.36062297	-0.2750341	-0.39355436	-0.059272986
-0.19198495	0.059553307	-0.23504905	-0.056577034	0.094693236
-0.25960383	0.10115932	-0.11411083	-0.20242755	0.0636823
0.030882549	0.045334186	-0.0021196827	0.03625882	0.030860748
0.35952714	0.055128	0.24503331	-0.017017405	-0.12600179
0.31054077	0.05367069	0.27767476	0.052916817	-0.12438766
-0.32805422	-0.12686469	-0.29761177	0.004314081	0.31225452
-0.44219777	0.011855956	-0.45072612	-0.037113223	0.29303756
0.045274172	-0.04873469	-0.00408224	-0.035122443	0.04740459
-0.046029497	-0.03711195	-0.019579709	0.0076680407	-0.016970504
-0.042905666	-0.03815303	0.03526399	-0.045263983	-0.0056600943
0.08536638	0.021292273	-0.02400195	-0.10774419	-0.038599987
0.32199484	-0.3731827	0.36564535	0.41667858	0.12042292
-0.04929477	0.28026962	0.21548013	-0.29964322	-0.22295101
0.076314494	0.07620681	0.006012883	-0.090912506	0.0026485033
0.038027313	-0.03795911	0.00022719055	-0.012293767	-0.010046326
0.41919228	-0.037500925	0.29896426	0.11688071	-0.11043585
0.010507248	-0.03972398	-0.045393955	-0.046050657	0.001904022
-0.036617886	-0.013558734	0.042262387	-0.009703122	-0.025504256
0.4172281	-0.29234126	0.3884281	0.29454044	-0.29303482
-0.4001253	0.018769318	-0.46341053	-0.041039255	0.3217552
0.29044053	-0.09461968	0.21431018	0.17641568	-0.17222753
0.20824641	-0.15875003	0.15380883	0.13214669	-0.15748997
-0.065424815	0.2996443	0.17281978	-0.2543485	-0.16174234
-0.012972164	0.26699144	0.19162928	-0.2468524	-0.16502623
0.016713945	0.2510105	0.15605989	-0.30617392	-0.25965083
0.28070438	-0.4225023	0.2678257	0.40619355	0.013981628
0.005768762	0.16306236	0.11516102	-0.15441124	-0.041621905
0.20285185	0.07253993	0.18641879	-0.05053414	-0.16883296
-0.03423028	0.0040610805	-0.0020810477	0.015693154	0.0030277967
-0.03369679	0.27747005	0.11469951	-0.19350678	-0.12952362
0.009512898	-0.37319452	-0.14275238	0.3507707	0.31366664
0.45862547	-0.16996214	0.38645908	0.18598543	-0.07631536
-0.03335295	-0.044774916	0.023723532	-0.031581894	-0.03886225
0.25594822	0.06108099	0.31604114	0.011934249	-0.13891953
0.047189478	0.049611155	-0.030188644	-0.0021077506	0.037148204
-0.43301758	-0.40508512	-0.46598485	0.41366684	0.38580388
-0.44043243	0.14071499	-0.30558667	-0.18164341	0.037221026
-0.11413298	-0.22411753	0.09434516	0.07546448	-0.01542152
0.021311712	0.04370295	0.043313492	-0.048425008	-0.022484124
0.012189925	-0.04640764	0.029786017	-0.045437515	0.0031665675
0.25813112	-0.15746409	0.26012367	0.1860903	-0.15355784
-0.39682072	-0.047158755	-0.4212571	0.07726916	0.42328373
0.00042121485	0.012366891	0.029338274	-0.015382849	0.018714573
0.3461312	-0.19042388	0.2565335	0.30028194	0.037738234
0.32777113	0.056781307	0.2500133	0.032014895	-0.17721507
0.04256666	0.0022436008	-0.010783792	0.03248756	-0.031532407
0.3223854	0.096612625	0.2634748	0.018395094	-0.13150813
0.28835738	0.050354756	0.23033439	0.009771984	-0.16600278
0.017928554	0.038345587	0.11826322	-0.058692105	-0.02547641
-0.124491155	-0.3165118	-0.041591138	0.21101853	0.057805568
-0.0148274	-0.3502209	-0.15831973	0.28716642	0.27157784
0.10603597	-0.48483732	-0.092354305	0.5068852	0.3486993
-0.26342222	-0.02060377	-0.2080888	-0.054914884	0.21906814
-0.013903439	-0.010316361	-0.04003601	-0.033243943	0.014144573
0.26613185	0.015752636	0.29735044	0.09196276	-0.23023327
-0.11703427	0.072105765	-0.13008185	-0.1521161	0.090659015
0.04109433	-0.00867375	-0.0360832	0.0010341518	-0.042687368
-0.10485186	0.08424537	-0.044855982	-0.0932517	0.017290134
-0.21084818	-0.35694	-0.07008747	0.2587674	0.099495985
0.0052928086	0.33524832	0.16612056	-0.23056066	-0.19521837
-0.12796749	-0.36173096	-0.042964026	0.3019917	0.13895752
-0.03591155	-0.0122298	-0.0050103664	-0.011403561	0.025443282
0.028516952	0.0049069524	-0.039830804	0.049629215	0.011651028
0.026916806	0.01847792	-0.011271097	0.03156251	-0.022328734
-0.38363728	0.19511162	-0.42836955	-0.16238421	0.18158735
0.17983328	-0.18478741	0.2208343	0.19726075	-0.10257953
-0.0368701	-0.032370795	-0.027387058	-0.04233713	0.0036535263
0.018403167	-0.10924014	0.037216596	0.072686605	-0.059218485
0.021510731	-0.03920891	-0.04719484	0.011460304	0.032072257
0.0009819977	-0.045591403	-0.001816798	-0.02099067	-0.037299335
-0.46431136	-0.16171163	-0.47218767	0.086844034	0.40989804
-0.13319378	0.36557782	0.23573692	-0.33593532	-0.26810914
-0.2054831	-0.33308432	-0.28521234	0.33028445	0.31511492
-0.43914935	0.38342386	-0.4367115	-0.317831	-0.17597044
-0.045760382	0.017699193	-0.00582888	-0.016580544	0.049021695
-0.4122817	-0.027049756	-0.40546128	-0.05703908	0.28038406
0.24362767	0.03528351	0.29876226	0.04374484	-0.2512812
-0.03926455	-0.030878961	-0.037930287	-0.0416139	-0.030224312
-0.38313884	-0.085301615	-0.42353594	0.0012215215	0.27849463
0.31923345	0.0055573494	0.33989373	0.080672614	-0.18909547
0.1572426	0.05326024	0.021751976	-0.053295016	-0.07423354
-0.5119201	0.3353886	-0.45543343	-0.32323003	-0.030166103
0.27828735	0.15216766	0.2540716	-0.065055475	-0.22154135
0.0032468662	-0.009157002	0.01677027	-0.003841959	-0.0146770105
-0.48292628	0.18456775	-0.47531235	-0.24275225	0.17594929
-0.032277286	0.036776174	-0.031873703	0.023628715	-0.022063995
0.3959018	0.21013287	0.47157705	-0.015582994	-0.30235702
0.10438058	-0.11250838	0.15809605	0.066153474	-0.049255703
0.309966	-0.31569964	0.17736612	0.26656023	0.14473623
-0.42830986	0.1369948	-0.3370333	-0.19176154	-0.028075121
-0.21821024	-0.041411284	-0.18336909	-0.035162967	0.15584435
-0.42181072	0.102464415	-0.37048241	-0.19435854	0.032082643
0.2244677	-0.30923885	0.101935886	0.2427868	0.121530935
0.03177512	0.036098886	0.026376199	0.048036087	0.00034687668
0.417743	-0.006906967	0.34670478	0.064874046	-0.18903661
0.46973452	0.123509206	0.40681386	-0.019506466	-0.31626397
0.52081466	0.060749236	0.33544734	0.065160476	-0.21710426
0.035597835	-0.0097342245	0.038306843	0.008201934	0.041551713
0.035424113	0.05054499	0.040031303	-0.017693134	-0.0042375103
-0.029509163	0.033002082	-0.015416324	-0.036500383	0.012431085
0.019450191	0.019191716	-0.005939305	-0.036556862	-0.04935051
0.00035284832	-0.024772787	0.0021184906	0.013054419	0.04114083
-0.04061554	-0.32798186	0.058776025	0.3453142	0.07331973
0.07527556	-0.14217663	0.1671384	0.10523342	-0.119799085
-0.50196546	0.27248582	-0.39216372	-0.14636405	0.20121658
-0.42206368	0.11641722	-0.3695357	-0.23509578	0.26956502
0.021416608	-0.007520199	0.044713106	-0.018949939	0.002974175
-0.020360613	0.023191083	-0.026206506	-0.0014941804	0.020959783
0.3055847	-0.31477547	0.21438225	0.27768964	0.12131201
0.09938194	-0.10782733	0.17581956	0.07836995	-0.13780694
-0.10341912	-0.30685076	-0.104543455	0.2760633	0.05697006
0.2659041	0.094672404	0.23584028	-0.016745461	-0.181385
0.26133737	-0.23151109	0.24843444	0.29111835	-0.07653995
0.561258	0.05616464	0.37990612	0.16212761	-0.19137162
-0.13250604	-0.26137853	-0.047533512	0.28295487	0.13906647
-0.09495302	0.031679902	0.06532534	-0.0532766	0.0032515784
-0.18665363	0.016690953	-0.18172538	-0.12980203	0.053892326
0.0017965436	0.03765334	0.030160498	-0.021381546	-0.014775921
0.031149933	-0.38450044	-0.1731421	0.3602625	0.3948023
0.03420833	0.10688076	0.11837362	-0.1646516	-0.044744726
0.38065955	0.05570205	0.30420446	0.11960055	-0.24463595
-0.26543745	0.48748654	0.24846606	-0.5397539	-0.44050053
0.024182051	0.039835628	0.039196026	-0.13177566	-0.061883427
0.17519332	-0.36800262	0.03324862	0.35374075	0.23933928
-0.12885384	-0.32910645	-0.15790822	0.24062623	0.106141634
0.059964504	-0.33819598	-0.11169042	0.3516646	0.3322818
-0.39599335	0.09032038	-0.32713944	-0.043127947	0.14511928
0.0243108	0.050907973	-0.08081584	-0.052346166	0.011682079
-0.46717757	0.06714999	-0.37047383	-0.12818919	0.22198088
0.048477862	-0.0077807195	0.034363236	-0.013484944	-0.013693713
0.06297412	-0.11946369	0.105458714	0.03634505	-0.12983425
-0.35152173	0.3046843	-0.44961312	-0.34469047	-0.036787447
-0.008236788	-0.010931887	0.0022755265	-0.039685	0.0122277625
0.04808228	-0.02889247	0.035852943	-0.03795954	-0.039912365
-0.017469157	-0.0057588704	-0.004358135	0.04853685	-0.02820083
-0.45950583	0.3365485	-0.43135804	-0.34090427	-0.19902429
-0.12453673	-0.22499107	-0.09815759	0.21742791	0.072913386
0.01589078	0.02030838	0.013858173	0.025713596	-0.04412073
0.33219272	-0.3626227	0.3270831	0.37451938	0.033143125
0.37285885	0.3781026	0.3741487	-0.31349918	-0.37037116
0.0860094	0.056594323	-0.023122238	-0.12406546	-0.05700567
-0.017552657	-0.12051026	0.10462279	0.07316538	-0.0913021
-0.29652256	-0.5066324	-0.40418544	0.5542292	0.3936098
0.24398813	-0.117632255	0.2708383	0.11542303	-0.19958477
0.30047697	0.30685335	0.25384805	-0.20553075	-0.26448178
0.08680457	0.085814886	0.004227924	-0.06023829	-0.02363217
0.11021903	-0.031509496	0.16547658	0.04356973	-0.16721152
0.48037413	-0.09825914	0.4291154	0.17136803	-0.16218118
-0.010352048	-0.16908622	0.17582095	0.0014279329	-0.07543926
-0.19684719	-0.011171432	-0.19605038	-0.05191455	0.19222333
0.36759162	-0.010181852	0.31281728	0.013266297	-0.18530396
-0.24215028	0.1680742	-0.18327783	-0.17586955	0.02500091
0.020848695	-0.00018759817	0.016999211	0.040355418	0.031864632
-0.14035411	0.25918552	0.03325382	-0.22714421	-0.1594837
-0.0037628263	0.07097141	0.04812722	-0.113743536	-0.025456836
0.007543482	0.020250428	0.024884228	-0.04574267	-0.020181585
0.25782818	0.06682706	0.28454632	0.053929903	-0.20882699
-0.21986474	0.14338367	-0.14422186	-0.16813962	0.028579123
0.063919686	0.2701682	0.23224017	-0.28686896	-0.2189186
-0.011455655	0.045242775	0.016121496	-0.0115579255	-0.024286224
0.013110828	-0.021122301	0.041930843	-0.0456782	-0.011800967
-0.017219223	0.005338002	-0.039374936	-0.03980843	0.0010431409
-0.0140510155	-0.009522881	0.028925736	-0.0764852	-0.038565133
-0.21804893	-0.33452824	-0.122388236	0.34412718	0.1764027
0.022592952	0.29029503	0.14049868	-0.33541584	-0.20017396
-0.413863	0.32990658	-0.44991106	-0.26236156	-0.018689098
0.38057536	-0.32766366	0.24109788	0.30766308	0.085669465
0.42594403	-0.20690776	0.42629445	0.27951255	-0.24492112
0.3553688	-0.36867744	0.3067925	0.38033965	0.06595716
-0.1829371	-0.34723204	-0.11961499	0.38505223	0.28379038
-0.16634502	0.14520536	-0.0825929	-0.0959992	0.034380037
0.00022592396	-0.040585328	-0.010762822	0.040826228	0.008290686
0.2916999	0.18505393	0.24957716	-0.032892965	-0.19648229
0.22955206	0.042026192	0.32962528	0.118353866	-0.25118178
-0.23355955	-0.34866387	-0.11672952	0.31044075	0.14227705
0.07931104	-0.06850025	0.17585623	0.024486791	-0.14763196
-0.051753853	-0.16230369	0.020740528	0.10625061	0.021360515
0.48147932	0.22633591	0.40531313	-0.10891877	-0.3414711
-0.033561945	-0.015076041	-0.041235197	0.041861366	0.008632254
0.12468624	0.05382112	0.017543592	-0.09255734	-0.0817217
0.06170428	-0.38759378	-0.017216159	0.35184452	0.3943582
-0.42533198	0.399564	-0.4007171	-0.40270612	-0.15214562
0.0011343934	0.28974313	0.15578786	-0.29788464	-0.19381975
-0.028672457	0.015784774	-0.011684418	-0.038860857	-0.02342459
0.012095999	0.033673096	-0.038366437	0.003086459	0.008430351
-0.022389472	0.045176182	-0.03491192	0.016095791	-0.008912526
0.14716183	-0.025615914	0.15647982	0.004939166	-0.091336854
0.0022954466	0.11229791	0.084999315	-0.19264051	-0.08953217
-0.04732275	-0.045829654	0.01205387	0.0217616	-0.012323033
0.30873445	0.079317056	0.2755871	0.055929855	-0.21026012
-0.36871743	-0.03878234	-0.43558097	0.05145519	0.47180206
0.40455925	-0.24582452	0.19663946	0.26965693	0.22336246
0.3847173	0.112877466	0.35236216	-0.059133857	-0.17690717
0.40352768	0.19203457	0.30839533	-0.10272918	-0.20845032
0.30899185	0.08918541	0.25344622	0.03229964	-0.18292755
-0.12669072	-0.37517464	-0.04118873	0.3452797	0.09668494
0.04059942	-0.47811657	-0.16786255	0.47384515	0.3718066
-0.36551997	-0.017951747	-0.37872493	-0.012184266	0.14536205
0.32250065	-0.11169385	0.2263235	0.16416818	-0.07911704
0.014663186	0.022963729	-0.0423468	0.021655034	0.0027577505
0.028873447	-0.037344776	-0.026015043	-0.047811676	-0.027238024
-0.045371294	-0.041234065	-0.010625266	-0.033434592	0.03866451
0.0281669	-0.011542439	0.020667756	-0.018298138	0.001036602
-0.0042811735	0.29197603	0.1292254	-0.27234212	-0.20920657
-0.25831807	0.13284996	-0.13671052	-0.17809722	0.015310324
0.034867324	-0.00032246855	-0.001552583	-0.031363554	-0.04066196
0.408573	-0.22923909	0.39655203	0.2600314	-0.08844506
-0.3945329	0.31223428	-0.26167744	-0.2796722	0.045077287
-0.0026100762	3.3594668e-05	0.020510186	0.026264492	-0.012195766
-0.19001614	0.15566775	-0.12858763	-0.21878044	0.05867945
0.2543766	-0.43704292	0.27601403	0.4184629	0.0044081504
0.19427517	0.05406512	0.27366304	0.03158715	-0.2802147
0.23331241	-0.37576485	0.14336212	0.44793263	0.052945223
0.3911465	0.27073085	0.37125865	-0.19434336	-0.38436446
0.41141918	0.2470595	0.30804583	-0.20152253	-0.3069309
0.21716616	-0.021603208	0.28082392	0.17746437	-0.23385848
0.20666511	-0.06381146	0.13464996	0.14042418	-0.18484026
-0.021298373	-0.0050015226	0.0028240196	0.004131615	-0.045295466
-0.008474736	0.22012295	0.12088568	-0.27650353	-0.2382771
-0.42326128	-0.20887905	-0.42524716	0.07339289	0.33708295
-0.2834381	-0.20575419	-0.27603212	0.2553116	0.19283843
-0.44810063	0.07831549	-0.339529	-0.16906996	0.0923319
-0.2203343	-0.35661894	-0.122799225	0.42116597	0.29193994
0.04150034	-0.000901293	-0.0058840625	0.04780412	0.040164758
-0.19582686	0.12962891	-0.14175048	-0.18387091	0.08930627
0.026726369	-0.02721988	-0.030248309	-0.021045744	0.026653897
-0.20272313	0.1696585	-0.19961472	-0.18028934	-0.006891595
0.265771	0.2949618	0.30895343	-0.24129549	-0.3370586
0.365987	-0.006883352	0.28519398	0.16383241	-0.051179804
-0.025044084	0.040397767	-0.024649918	0.034495424	0.013154689
-0.3375946	0.17999725	-0.24192409	-0.26657692	0.11248442
0.044262353	0.0049673803	-0.02395457	0.02276862	0.0044333115
0.3416456	-0.3947155	0.250504	0.31491655	0.15096311
-0.24276158	0.033549264	-0.2625365	-0.08719823	0.13615236
-0.30290583	-0.33298865	-0.27381754	0.35014585	0.27444997
-0.42446	0.18442255	-0.48026684	-0.21650681	0.15245831
-0.2806578	-0.3812755	-0.34295532	0.34918526	0.3473599
-0.28786775	0.054620992	-0.23590311	-0.04164561	0.09431959
0.36909205	0.075530395	0.3712529	-0.003656614	-0.2698885
0.35181037	-0.10241528	0.29163003	0.11754595	-0.13587713
0.066243574	-0.4159079	-0.0068482156	0.36658874	0.17312054
0.025609624	-0.0055159815	0.038908932	-0.0023515448	0.047792885
-0.19273014	0.050763942	-0.22968315	-0.11230344	0.19394484
-0.50871885	0.10412289	-0.44884518	-0.24528518	0.15365458
-0.049069025	-0.020663334	0.048159014	0.030269433	-0.040604305
0.025507227	0.003693465	-0.11180928	-0.016488953	-0.01812881
-0.012447048	0.0401258	0.030202005	-0.0041420683	0.04191656
0.012942437	-0.032199204	-0.042170607	0.0111612305	0.044398557
0.20746958	-0.10244459	0.15786123	0.15508576	-0.15613247
0.04523477	-0.33414942	-0.17254072	0.29618388	0.33425286
0.37113008	-0.05034606	0.25378016	0.119604595	-0.03972953
0.01994141	0.20931244	0.07951104	-0.26464838	-0.120355174
0.38766512	-0.012835284	0.23771721	0.1129655	-0.056843653
-0.044944096	-0.012664307	0.036473203	0.0017397515	0.009380005
0.021710444	-0.02168082	-0.028373254	-0.036912095	0.0467895
0.5134256	0.031609077	0.45100588	0.12502	-0.14578857
-0.0710005	0.12522651	-0.04680068	-0.13119619	0.052255664
-0.0012699589	-0.04611188	-0.026701057	-0.042664707	-0.04712906
-0.25010514	0.16760977	-0.11524588	-0.18086554	0.069400825
-0.003737308	0.02981383	-0.01695273	0.004262306	-0.010524023
-0.31461868	-0.20820615	-0.2808391	0.23246357	0.24024944
0.17448364	0.16352296	0.20824012	-0.14420868	-0.2291289
0.2424666	-0.41792628	0.15151629	0.39727414	-0.0028554462
-0.29574206	0.1376429	-0.34614682	-0.112298965	0.27791128
0.30221036	0.059772648	0.19897418	0.00083240314	-0.14561671
-0.1093577	-0.29093486	-0.0683377	0.23858535	0.07171587
-0.121059164	0.1377343	-0.06473735	-0.09369067	0.0587132
-0.22562972	-0.44229305	-0.1732256	0.4117801	0.20421204
-0.3081512	-0.15606143	-0.20091529	0.21623681	0.24342759
-0.5709519	-0.07424996	-0.568799	-0.009846609	0.28379408
0.43372276	0.08778722	0.43264616	-0.071453154	-0.32020396
-0.012982093	0.032247316	-0.040202856	-0.019292152	-0.038897537
-0.40786847	0.0012966929	-0.4567496	-0.009137285	0.2896536
0.3447121	0.28772247	0.32696518	-0.27573353	-0.30370903
-0.24071665	0.03722372	-0.21176264	-0.15596834	0.1669358
-0.3836103	0.12369998	-0.33669716	-0.19025312	0.2900093
-0.39292842	0.43429554	-0.28360453	-0.43630686	-0.13475676
0.25284442	-0.015773328	0.32148337	0.11879893	-0.2636324
0.073064886	-0.17196709	0.13679318	0.1306872	-0.12695016
0.21389091	-0.07107386	0.32238704	0.06286208	-0.32673952
-0.040280856	-0.042433	0.0034324527	-0.0057149753	-0.021182502
0.18132438	-0.08979556	0.1692164	0.14178354	-0.17179601
0.0052856803	0.038039375	0.0113321915	-0.03253864	0.044226114
-0.04479224	-0.29132846	0.022308094	0.072630756	-0.07368964
-0.012842558	0.022383634	0.038388636	0.04086444	-0.006793119
0.3831076	-0.022372747	0.2647206	0.07814642	-0.05267315
-0.314722	0.18712391	-0.24037175	-0.29136842	0.09933227
0.02901179	0.013238516	0.022043314	0.041790996	-0.018215012
0.33116904	-0.020005593	0.21944174	0.122833304	-0.10616991
0.01794875	0.043496575	-0.047692906	0.016897392	0.049231473
0.25305042	-0.37691668	0.1371107	0.43042424	-0.0044968626
0.032254968	-0.13562325	0.13325135	0.05728502	-0.106527835
-0.558725	0.34223282	-0.43413654	-0.30332634	-0.055617165
0.33084512	-0.34243965	0.24725285	0.37350705	0.17620665
-0.17368013	0.14902857	-0.1620697	-0.21479163	0.056851104
-0.054664373	-0.018276954	0.070998475	-0.007876817	0.011381076
-0.21348135	-0.41412374	-0.11828859	0.3639076	0.22638121
-0.25699577	0.06394468	-0.18769248	-0.080501124	0.15298578
-0.18140242	-0.36532158	-0.13553874	0.34045333	0.2034932
0.03905685	-0.1884429	0.110248305	0.12428739	-0.124024846
-0.013833273	-0.029355753	0.03112806	-0.0412727	-0.026129639
-0.14030609	-0.33430183	-0.12559162	0.30871183	0.14218311
-0.018599566	0.019985082	-0.02428289	-0.057666235	-0.070366226
-0.3352702	-0.10229823	-0.34589797	0.06456266	0.37038273
-0.1993137	0.012088726	-0.26232642	-0.0672771	0.0952084
0.37705386	-0.011611865	0.3747281	0.06166725	-0.23715533
0.42033997	0.18347123	0.31220862	-0.08516959	-0.2639824
0.031614903	-0.026516998	-0.024143374	0.041001227	0.038099203
-0.28561497	-0.42375416	-0.3682646	0.4783923	0.40261167
0.38541242	0.035144422	0.34608102	0.106031075	-0.17356329
0.47916818	0.46380857	0.4200994	-0.36882645	-0.45270598
-0.1723274	0.08876633	-0.17202468	-0.21513723	0.122623056
0.4775071	0.02006393	0.49265352	0.23121612	-0.3660814
-0.19308794	-0.000345409	-0.18213888	-0.025761113	0.14609423
0.43374765	0.18117239	0.42872316	-0.00056798174	-0.3263888
-0.4661908	-0.16701357	-0.429167	0.05347523	0.42736393
0.35527498	0.018654002	0.34674302	0.019136261	-0.2514561
0.031035045	0.28324908	0.18436961	-0.23903812	-0.22941606
0.01588538	-0.0023706444	-0.046767652	0.023176324	0.014349531
0.028668094	-0.04097996	0.03357854	-0.033335768	-0.049421538
-0.1923181	0.33759767	-0.08290933	-0.34865552	-0.15934356
-0.47681397	0.0073692314	-0.37398133	-0.02886573	0.28360236
-0.030992163	-0.004186213	0.03126793	0.009051908	-0.042183004
-0.27802244	-0.08518599	-0.24692339	-0.042674415	0.21349111
-0.016724326	0.011251461	-0.0393173	0.009221446	-0.04593395
-0.028570618	0.27785113	0.16124292	-0.28512636	-0.20597252
0.026743865	-0.21209477	0.075217724	0.16288775	0.029102355
-0.026229605	0.24219872	0.13982815	-0.26565513	-0.15493652
-0.15294506	0.4001504	0.22379878	-0.30374742	-0.34457794
0.25744852	-0.23436905	0.21148337	0.2399647	-0.10831495
0.27343622	0.14288144	0.25110987	-0.017556895	-0.17531696
-0.46970466	0.30653515	-0.43785125	-0.3471013	0.01707844
0.22142404	-0.1482406	0.2712423	0.12848412	-0.12583168
0.33599377	-0.09122037	0.3049126	0.16493596	-0.10419902
-0.45372063	0.1642036	-0.3262272	-0.119420454	0.11642681
-0.4921968	0.15447308	-0.27724186	-0.17394206	0.10088821
0.177868	-0.26424512	0.0025415455	0.18149479	0.14484833
-0.21334437	0.38317534	0.11466703	-0.28500563	-0.24128675
-0.044297993	-0.010989081	-0.0107514635	0.005445577	-0.013056446
0.3632145	-0.01952453	0.34672683	0.107995525	-0.2023387
0.3114458	0.39238402	0.35969597	-0.3258206	-0.3879702
-0.01746875	-0.10671739	0.11836832	0.008204181	-0.11437207
-0.44959077	-0.08607074	-0.46613398	0.060505148	0.31066123
-0.16684201	0.071774736	-0.2124846	-0.19125432	0.11505378
0.026170177	0.3480676	0.19524097	-0.32405946	-0.24686548
0.46111628	0.3997815	0.38442284	-0.26698986	-0.43052983
0.21378869	-0.12611575	0.35429326	-0.01115386	-0.24553764
-0.04216272	0.28917044	0.0812314	-0.2663289	-0.17780776
-0.05186773	0.31793013	0.16968864	-0.3177496	-0.23308988
-0.45141715	0.117753185	-0.3041746	-0.15009354	0.04136126
-0.52819693	0.33384562	-0.5307284	-0.39794946	0.033182275
-0.4415807	-0.39847556	-0.46096316	0.36884576	0.40098616
0.26986298	-0.09954813	0.28459612	0.11748449	-0.0132136885
-0.24189533	0.1320407	-0.31884688	-0.119947664	0.2523718
-0.5103057	0.18512505	-0.44951227	-0.23697466	0.19380155
-0.23768944	0.040549252	-0.25843927	-0.10238715	0.1421422
0.13676079	-0.30218512	-0.067409806	0.28931874	0.23893851
-0.09416965	0.065116405	-0.03955011	-0.13557689	0.05630469
0.02610313	-0.17003506	0.07448725	0.17681354	0.049908467
-0.20554945	0.013503826	-0.24276651	-0.020026473	0.12602168
-0.06528576	0.34954444	0.17928606	-0.32506517	-0.26597768
-0.23469763	0.14276081	-0.17421588	-0.1535313	0.058051694
-0.17689161	0.2674636	-0.1284914	-0.26717067	-0.14795463
-0.06927119	0.30525726	0.15311135	-0.30034313	-0.20173237
0.027011964	-0.03916644	-0.023597587	0.046282638	0.04530673
-6.7327564e-05	-0.1889712	0.07073428	0.07007739	-0.030475484
-0.23696503	-0.43103912	-0.34799534	0.5267001	0.4624997
-0.13566166	0.37223762	0.17640667	-0.26471958	-0.23646116
0.016342785	0.035896387	0.019299556	0.012420118	-0.027562916
0.02462491	-0.020921623	-0.041617047	-0.027946247	0.029709581
0.016994564	0.30152386	0.15664397	-0.22361019	-0.16691199
0.28204447	0.16318409	0.2295839	-0.020489004	-0.25236145
0.04401573	-0.04294864	-0.016001381	-0.047920894	0.0002030246
-0.1573937	-0.30038127	-0.07639121	0.23865858	0.12211942
-0.023140006	-0.23974735	0.058362767	0.17689675	-0.008073138
-0.00542159	0.03727546	0.044030618	0.018023897	0.035157505
0.2889607	-0.40379515	0.2125078	0.40286446	0.0646913
0.2289755	-0.28030136	0.015293502	0.25025797	0.1406006
-0.26077613	-0.5030134	-0.3920213	0.5063772	0.38736853
0.029258873	-0.031107223	0.014676157	0.035493854	0.03598244
0.27112082	-0.255415	0.26974076	0.23150201	-0.11375907
-0.0054455027	-0.017584573	-0.01630237	-0.03916961	0.049464393
0.22614	0.055244494	0.30652812	0.11796106	-0.23542626
-0.25586975	0.12426879	-0.12622651	-0.1526012	-0.0036719197
0.003386356	-0.010986604	0.015530359	-0.01249858	0.042059805
-0.43191516	-0.057705536	-0.36887503	-0.14819312	0.2721732
0.43888122	0.012264485	0.41001838	0.07346216	-0.23370959
0.40163195	0.20968027	0.40455204	0.013908593	-0.2693526
0.31882334	0.12507577	0.29456517	-0.12420263	-0.20361032
0.042935263	0.033801224	0.0026479736	-0.027082777	-0.023019826
0.19398898	0.020905398	0.23263958	0.042735156	-0.2560307
-0.41977414	0.15866081	-0.38839072	-0.18680461	0.21978332
0.46376508	0.117969975	0.38442028	-0.077039376	-0.29673398
0.181665	-0.46817473	0.092402905	0.469357	0.09642264
0.03550705	-0.021151353	-0.022534205	0.010504998	-0.0059903637
-0.24220209	0.09672993	-0.20939715	-0.22858314	0.04545776
0.21837403	-0.3491022	0.21438393	0.3629408	0.059055984
-0.25017598	0.08170916	-0.16983388	-0.13492335	0.045290865
-0.39186555	0.36379254	-0.22375916	-0.3693944	-0.06855935
0.031506483	-0.000121198595	-0.033129252	-0.024729801	-0.03862735
0.40784678	0.038816083	0.18368919	0.12814125	-0.0360971
0.01865659	0.11569543	0.11283563	-0.08869044	-0.030393846
0.09923351	0.21921663	0.07436269	-0.19283932	-0.054043066
0.3988323	-0.06361297	0.27274436	0.16303287	-0.06880769
0.007761907	0.042181615	-0.037923336	-0.006911386	-0.028804397
0.36443165	0.17449754	0.36414158	0.0029084175	-0.33073387
-0.23150598	0.027838612	-0.17641385	-0.1411077	0.082578875
-0.25579533	0.03665123	-0.26135373	-0.121596016	0.17560351
0.08256943	-0.2212924	0.19663271	0.09828836	-0.16943727
0.19377565	-0.14408506	0.29159775	-0.0023399144	-0.28371096
-0.4798096	0.36281246	-0.50244844	-0.3319196	0.045241073
0.32457304	-0.24380313	0.15157595	0.35053793	0.09905896
0.15456343	-0.1189019	0.18843058	0.14141937	-0.18131228
-0.16946648	0.30959064	0.13601735	-0.28971004	-0.31444868
0.28274807	0.10206673	0.18480505	0.007046489	-0.13623829
0.32417658	0.066240855	0.26779315	0.07103271	-0.17227414
0.32554987	-0.013999716	0.2486603	0.094363965	-0.13895552
-0.010527432	-0.028902842	0.04751453	-0.03921143	0.026460778
-0.22804959	0.05019455	-0.2451211	-0.1405881	0.14946385
0.26673055	0.36123398	0.30734628	-0.26680836	-0.22944766
0.35076734	0.04569215	0.2691678	0.030533522	-0.13057752
0.3755393	-0.36630177	0.33491516	0.36428666	0.07616507
0.3178079	0.093863994	0.18967585	0.041030414	-0.17643988
0.19329935	-0.31180185	-0.119075835	0.34300327	0.24606983
0.021708373	-0.008045949	0.0048488267	0.019808922	-0.0016147383
-0.0008299351	0.022683766	-0.01911055	0.02160139	0.036758613
0.29034966	-0.008193321	0.19166014	0.09822556	-0.15606911
0.36419836	0.036198206	0.1835568	0.052773237	-0.09171552
-0.047983207	-0.04193909	-0.013672698	0.035671	-0.042829778
0.28355378	0.0025965937	0.1661227	0.15680133	-0.07131751
0.29274368	0.07049977	0.23168927	0.08637321	-0.085305125
-0.028981328	0.04150902	0.0067560673	0.008614242	0.023800064
-0.015423179	0.0289093	-0.013374783	0.020926822	-0.03786428
-0.041481566	-0.013666619	-0.011248507	-0.021770978	0.030637097
0.28877282	0.027186044	0.21173337	0.055179488	-0.15694392
-0.5218369	0.28075823	-0.45221102	-0.33332387	-0.054260116
0.22912057	0.18905838	0.2834947	-0.04213255	-0.20884971
0.08243986	0.08551987	0.048586547	-0.076688424	-0.07214382
0.2944708	-0.0024425022	0.24162474	0.078756966	-0.10238999
-0.43546575	0.14262824	-0.32191995	-0.19572721	0.06628026
0.41443992	-0.32353058	0.19450983	0.36036327	0.15417147
-0.13595657	0.07815967	-0.1307008	-0.11893691	0.09761177
0.3429542	0.036121696	0.20318002	0.085241996	-0.17202348
-0.24220152	0.32555038	-0.06844182	-0.27775258	-0.14787324
-0.102013245	0.06267527	-0.11740139	-0.1688843	0.06793281
-0.18432406	0.11873834	-0.1792168	-0.17804721	0.05145953
-0.031245196	-0.02577287	-0.04480659	-0.04672259	-0.0031144246
0.28602982	0.11433951	0.28406423	0.058976986	-0.18951553
0.2521516	0.28463444	0.2597432	-0.26808715	-0.24131519
0.34815136	-0.012623276	0.22517869	0.071084365	-0.17076229
-0.048954405	-0.033145092	-0.016541053	0.026836444	0.030144107
-0.021964014	-0.011885334	-0.021877944	0.012972917	-0.020461215
0.0021433458	0.045300152	0.0066583045	0.009751044	0.025112037
0.013078361	-0.0047035287	-0.0246908	0.007903604	-0.018154023
0.02226976	-0.02777133	0.01440319	-0.029463137	0.027427364
0.3936728	-0.03820918	0.24934006	0.0860715	-0.03811904
-0.034863375	2.7185548e-05	0.07017094	-0.074616216	-0.07347575
-0.4061208	0.31079632	-0.29525378	-0.27076647	-0.03258372
-0.10596745	-0.45408684	-0.0007704983	0.42382786	0.046402395
0.21484777	0.22712672	0.24620065	-0.26466924	-0.21632656
-0.030429015	0.012455515	0.11655727	-0.05742278	0.016370092
-0.03111502	0.03049549	0.044293825	-0.04691979	0.022649873
0.41330233	-0.3328329	0.12655431	0.37641138	0.19447123
0.2910126	-0.13432376	0.26492286	0.094359905	-0.031591497
0.13589868	0.009004537	0.019302947	-0.0772406	-0.06823825
